brasilia,cientista de dados,DF
londrina,cientista de dados,PR
rio de janeiro,cientista de dados,RJ
rio de janeiro,cientista de dados,RJ
rio de janeiro,cientista de dados,RJ
rio de janeiro,cientista de dados,RJ
rio de janeiro,cientista de dados,RJ
rio de janeiro,cientista de dados,RJ
porto alegre,cientista de dados,RS
blumenau,cientista de dados,SC
florianopolis,cientista de dados,SC
florianopolis,cientista de dados,SC
sao caetano do sul,cientista de dados,SP
sao paulo,cientista de dados,SP
sao paulo,cientista de dados,SP
sao paulo,cientista de dados,SP
sao paulo,cientista de dados,SP
sao paulo,cientista de dados,SP
sao paulo,cientista de dados,SP
sao paulo,cientista de dados,SP
sao paulo,cientista de dados,SP
sao paulo,cientista de dados,SP
sao paulo,cientista de dados,SP
sao paulo,cientista de dados,SP
sao paulo,cientista de dados,SP
sao paulo,cientista de dados,SP
sao paulo,cientista de dados,SP
sao paulo,cientista de dados,SP
sao paulo,cientista de dados,SP
sao paulo,cientista de dados,SP
sao caetano do sul,cientista de dados,SP
sao paulo,cientista de dados,SP
sao paulo,cientista de dados,SP
campinas,cientista de dados,SP
ribeirao preto,cientista de dados,SP
ribeirao preto,cientista de dados,SP
sao paulo,cientista de dados,SP
sao paulo,cientista de dados,SP
campinas,cientista de dados,SP
ribeirao preto,cientista de dados,SP
ribeirao preto,cientista de dados,SP
sao paulo,cientista de dados,SP
brasilia,data science,DF
brasilia,data science,DF
brasilia,data science,DF
uberlandia,data science,MG
uberlandia,data science,MG
uberlandia,data science,MG
rio de janeiro,data science,RJ
rio de janeiro,data science,RJ
rio de janeiro,data science,RJ
sao paulo,data science,SP
sao paulo,data science,SP
sao paulo,data science,SP
sao paulo,data science,SP
sao paulo,data science,SP
indaiatuba,data science,SP
campinas,data science,SP
sao paulo,data science,SP
indaiatuba,data science,SP
campinas,data science,SP
sao paulo,data science,SP
indaiatuba,data science,SP
campinas,data science,SP
sao paulo,data science,SP
indaiatuba,data science,SP
campinas,data science,SP
sao paulo,data science,SP
sao paulo,cientista de dados,
sao paulo,cientista de dados,
sao paulo,cientista de dados,
sao paulo,cientista de dados,
sao paulo,cientista de dados,
sao paulo,cientista de dados,
sao paulo,cientista de dados,
rio de janeiro,cientista de dados,
rio de janeiro,cientista de dados,
belo horizonte,cientista de dados,
vitoria,cientista de dados,
chapeco,cientista de dados,
sao caetano do sul,cientista de dados,
sao paulo,data science,
sao paulo,data science,
sao paulo,data science,
sao paulo,data science,
sao paulo,data science,
sao paulo,data analytics,
rio de janeiro,data analytics,
sao paulo,inteligencia de negocios,
sao caetano do sul,inteligencia de negocios,
sao paulo,data science,SP
barueri,data science,SP
sao paulo,cientista de dados,SP
rio de janeiro,cientista de dados,RJ
porto alegre,cientista de dados,RS
sao paulo,cientista de dados,SP
